channel,total_impressions,total_clicks,total_leads,total_customers,total_spend,ctr_pct,cvr_pct,close_rate,cac_eur
Direct,992563,44456,5571,1005,55520.70206737075,4.48,12.53,18.04,55.24
Email,1157836,52811,4247,738,54825.13599447866,4.56,8.04,17.38,74.29
Facebook,1083912,60713,6127,1017,54780.1404132946,5.6,10.09,16.6,53.86
Google Ads,1215680,52904,5817,885,49096.88993095134,4.35,11.0,15.21,55.48
LinkedIn,1107548,50941,6038,1103,58637.94518402217,4.6,11.85,18.27,53.16
