channel,total_impressions,total_clicks,total_leads,total_customers,total_spend,ctr_pct,cvr_pct,close_rate,cac_eur
Direct,1012493,49175,6011,942,54508.67830400519,4.86,12.22,15.67,57.86
Email,1015451,60896,6399,1019,53985.462009754214,6.0,10.51,15.92,52.98
Facebook,945802,57328,4690,1142,54116.81900958372,6.06,8.18,24.35,47.39
Google Ads,1175826,49361,6090,1019,52071.672677479786,4.2,12.34,16.73,51.1
LinkedIn,1140093,66139,5595,1175,48618.925483045125,5.8,8.46,21.0,41.38
